id;shared_key;business_id;email;phone;data_added
1;mobile Fish;Home Loan Account Table Computer;Jadon_Streich@gmail.com;1-760-097-8920;2019-05-28T22:46:53
2;Soap methodology Albania;Home Namibia;Brody97@yahoo.com;240.761.3595;2019-05-28T15:56:35
3;HDD;Table Small Frozen Sausages Planner;Gerhard9@hotmail.com;624-616-4801;2019-05-28T05:19:18
4;Digitized invoice;convergence;Karson3@gmail.com;874.938.9579 x30515;2019-05-29T02:03:35
5;software scale interactive;Louisiana Specialist Home Loan Account;Brooks.Grimes7@gmail.com;947-312-0081;2019-05-28T10:10:51
6;application quantify Unbranded Plastic Tuna;Internal;Lincoln9@hotmail.com;(336) 367-5628;2019-05-28T13:40:32
7;embrace Developer;synthesize Idaho compress;Aliza.Lebsack11@yahoo.com;412-086-4355;2019-05-28T10:27:11
8;Concrete Investment Account Saint Lucia;User-centric;Lavinia.Green88@gmail.com;1-682-618-4821 x48853;2019-05-28T07:46:00
9;National;Direct;Danny.OConnell@gmail.com;383-015-5442 x61232;2019-05-28T04:30:56
10;conglomeration;Oklahoma facilitate;Wanda.Funk25@gmail.com;(473) 129-0269 x5400;2019-05-28T20:27:28
